Workbook

Sheet Paste DP
A1: Created by | B1: Created Date | C1: Last Updated | D1: Form ID | E1: Form Version | F1: Form Number | G1: Workflow Column | H1: Date | I1: Company Name | J1: Hours - Project | K1: Hours - Activity | L1: Hours - Start Time | M1: Hours - End Time | N1: Hours - Ordinary Hours | O1: Hours - Comments | P1: Hours Summary - Total Ordinary Hours | Q1: Hours Summary - Project Hours Summary | R1: Employee Signoff | S1: Date Signed | T1: Time Signed | U1: Supervisor Signature | V1: Date Signed | W1: Time Signed
A2: Sean Gray | B2: 46191 | C2: 46192 | D2: 6a3374bf07310476663716f3 | E2: V1.1 | F2: 5863 | G2: Complete | H2: 46191 | I2: Harwyn | J2: HWYN2608 Emmaus (2 Mega & Classroom) | K2: 00408 - Structural Steel: Level bases and straighten structural steel | L2: 0.25 | M2: 0.60555556 | N2: 8.53 | O2: - | P2: 8.03 | Q2: HWYN2608 Emmaus (2 Mega & Classroom) | R2: Signed - Sean Gray | S2: 46191 | T2: 0.60587963 | U2: Signed - Dan Guille | V2: 46192 | W2: 0.37046296
A3: Martin Fischer | B3: 46191 | C3: 46192 | D3: 6a33011e4e6562db34b156b9 | E3: V1.1 | F3: 5862 | G3: Complete | H3: 46191 | I3: Harwyn | J3: HWYN2608 Emmaus (2 Mega & Classroom) | K3: 00408 - Structural Steel: Level bases and straighten structural steel | L3: 0.26180556 | M3: 0.60416667 | N3: 8.22 | O3: - | P3: 7.72 | Q3: HWYN2608 Emmaus (2 Mega & Classroom) | R3: Signed - Martin Fischer | S3: 46191 | T3: 0.60435185 | U3: Signed - Dan Guille | V3: 46192 | W3: 0.37034722
A4: Lyric Kereopa | B4: 46191 | C4: 46191 | D4: 6a32b6dd1623ba28abbe6c65 | E4: V1.1 | F4: 5857 | G4: Complete | H4: 46190 | I4: Harwyn | J4: HWYN2608 Emmaus (2 Mega & Classroom) | K4: 00824 - Internal Linings/ Finishes: Install Cement Sheet | L4: 0.25 | M4: 0.60416667 | N4: 8.5 | O4: - | P4: 8 | Q4: HWYN2608 Emmaus (2 Mega & Classroom) | R4: Signed - Lyric Kereopa | S4: 46191 | T4: 0.043668981 | U4: Signed - Dan Guille | V4: 46191 | W4: 0.32871528
A5: Martin Fischer | B5: 46190 | C5: 46191 | D5: 6a31a99025e7ecafdf9bfeae | E5: V1.1 | F5: 5859 | G5: Complete | H5: 46190 | I5: Harwyn | J5: HWYN2608 Emmaus (2 Mega & Classroom) | K5: 00503 - Framing: Frame Installation | L5: 0.24652778 | M5: 0.60416667 | N5: 8.58 | O5: - | P5: 8.08 | Q5: HWYN2608 Emmaus (2 Mega & Classroom) | R5: Signed - Martin Fischer | S5: 46191 | T5: 0.24369213 | U5: Signed - Dan Guille | V5: 46191 | W5: 0.32797454
A6: Sean Gray | B6: 46190 | C6: 46191 | D6: 6a31a8874c2f7f5c5d91841f | E6: V1.1 | F6: 5861 | G6: Complete | H6: 46190 | I6: Harwyn | J6: HWYN2608 Emmaus (2 Mega & Classroom) | K6: 00408 - Structural Steel: Level bases and straighten structural steel | L6: 0.24722222 | M6: 0.60416667 | N6: 8.57 | O6: - | P6: 8.07 | Q6: HWYN2608 Emmaus (2 Mega & Classroom) | R6: Signed - Sean Gray | S6: 46191 | T6: 0.38309028 | U6: Signed - Dan Guille | V6: 46191 | W6: 0.38381944
A7: Martin Fischer | B7: 46190 | C7: 46190 | D7: 6a31a8700d41878708d7f9df | E7: V1.1 | F7: 5853 | G7: Complete | H7: 46189 | I7: Harwyn | J7: HWYN2608 Emmaus (2 Mega & Classroom) | K7: 00606 - Floor Structure: Install Structflor | L7: 0.25 | M7: 0.375 | N7: 3 | O7: - | P7: 8 | Q7: HWYN2608 Emmaus (2 Mega & Classroom) | R7: Signed - Martin Fischer | S7: 46190 | T7: 0.24271991 | U7: Signed - Dan Guille | V7: 46190 | W7: 0.24847222
A8: Martin Fischer | B8: 46190 | C8: 46190 | D8: 6a31a8700d41878708d7f9df | E8: V1.1 | F8: 5853 | G8: Complete | H8: 46189 | I8: Harwyn | J8: HWYN2608 Emmaus (2 Mega & Classroom) | K8: 00503 - Framing: Frame Installation | L8: 0.375 | M8: 0.60416667 | N8: 5.5 | O8: -
A9: Sean Gray | B9: 46190 | C9: 46190 | D9: 6a31a8504c2f7f5c5d91841e | E9: V1.1 | F9: 5852 | G9: Complete | H9: 46189 | I9: Harwyn | J9: 00: Absent | K9: 00 - ABSENT | L9: 0.25 | M9: 0.5875 | N9: 8.1 | O9: SICK LEAVE | P9: 7.6 | Q9: 00: Absent | R9: Signed - Sean Gray | S9: 46190 | T9: 0.24171296 | U9: Signed - Dan Guille | V9: 46190 | W9: 0.24834491
A10: Lyric Kereopa | B10: 46191 | C10: 46191 | D10: 6a32b7271623ba28abbe6c66 | E10: V1.1 | F10: 5858 | G10: Complete | H10: 46188 | I10: Harwyn | J10: HWYN2608 Emmaus (2 Mega & Classroom) | K10: 00503 - Framing: Frame Installation | L10: 0.25 | M10: 0.60416667 | N10: 8.5 | O10: - | P10: 8 | Q10: HWYN2608 Emmaus (2 Mega & Classroom) | R10: Signed - Lyric Kereopa | S10: 46191 | T10: 0.044247685 | U10: Signed - Dan Guille | V10: 46191 | W10: 0.32922454
A11: Sean Gray | B11: 46190 | C11: 46190 | D11: 6a31a80d4c2f7f5c5d91841d | E11: V1.1 | F11: 5851 | G11: Complete | H11: 46188 | I11: Harwyn | J11: 00: Absent | K11: 00 - ABSENT | L11: 0.25 | M11: 0.5875 | N11: 8.1 | O11: SICK LEAVE | P11: 7.6 | Q11: 00: Absent | R11: Signed - Sean Gray | S11: 46190 | T11: 0.24116898 | U11: Signed - Dan Guille | V11: 46190 | W11: 0.24868056
A12: Lyric Kereopa | B12: 46188 | C12: 46189 | D12: 6a2fb82d4eb190af34a979fa | E12: V1.1 | F12: 5839 | G12: Complete | H12: 46188 | I12: Harwyn | J12: HWYN2608 Emmaus (2 Mega & Classroom) | K12: 00603 - Floor Structure: Install Kingspan (inc. cutting) | L12: 0.25 | M12: 0.60416667 | N12: 8.5 | O12: - | P12: 8 | Q12: HWYN2608 Emmaus (2 Mega & Classroom) | R12: Signed - Lyric Kereopa | S12: 46188 | T12: 0.77163194 | U12: Signed - Dan Guille | V12: 46189 | W12: 0.38986111
A13: Martin Fischer | B13: 46188 | C13: 46189 | D13: 6a2f78073d7da8fd10f6f032 | E13: V1.1 | F13: 5841 | G13: Complete | H13: 46188 | I13: Harwyn | J13: HWYN2608 Emmaus (2 Mega & Classroom) | K13: 00603 - Floor Structure: Install Kingspan (inc. cutting) | L13: 0.25 | M13: 0.60416667 | N13: 8.5 | O13: - | P13: 8 | Q13: HWYN2608 Emmaus (2 Mega & Classroom) | R13: Signed - Martin Fischer | S13: 46189 | T13: 0.25140046 | U13: Signed - Dan Guille | V13: 46189 | W13: 0.38976852
A14: Lyric Kereopa | B14: 46188 | C14: 46188 | D14: 6a2eff09a0de39b934aa5106 | E14: V1.1 | F14: 5838 | G14: Complete | H14: 46185 | I14: Harwyn | J14: HWYN2608 Emmaus (2 Mega & Classroom) | K14: 00606 - Floor Structure: Install Structflor | L14: 0.27083333 | M14: 0.60416667 | N14: 8 | O14: - | P14: 7.5 | Q14: HWYN2608 Emmaus (2 Mega & Classroom) | R14: Signed - Lyric Kereopa | S14: 46188 | T14: 0.22328704 | U14: Signed - Dan Guille | V14: 46188 | W14: 0.32755787
A15: Martin Fischer | B15: 46185 | C15: 46188 | D15: 6a2b146991650a34d76d9638 | E15: V1.1 | F15: 5832 | G15: Complete | H15: 46185 | I15: Harwyn | J15: HWYN2608 Emmaus (2 Mega & Classroom) | K15: 00606 - Floor Structure: Install Structflor | L15: 0.25 | M15: 0.60416667 | N15: 8.5 | O15: - | P15: 8 | Q15: HWYN2608 Emmaus (2 Mega & Classroom) | R15: Signed - Martin Fischer | S15: 46185 | T15: 0.60400463 | U15: Signed - Dan Guille | V15: 46188 | W15: 0.32688657
A16: Sean Gray | B16: 46185 | C16: 46188 | D16: 6a2b14029407e81dbbdd7d36 | E16: V1.1 | F16: 5835 | G16: Complete | H16: 46185 | I16: Harwyn | J16: HWYN2608 Emmaus (2 Mega & Classroom) | K16: 00606 - Floor Structure: Install Structflor | L16: 0.24652778 | M16: 0.60694444 | N16: 8.65 | O16: - | P16: 8.15 | Q16: HWYN2608 Emmaus (2 Mega & Classroom) | R16: Signed - Sean Gray | S16: 46185 | T16: 0.83416667 | U16: Signed - Dan Guille | V16: 46188 | W16: 0.32672454
A17: Lyric Kereopa | B17: 46184 | C17: 46185 | D17: 6a2a3d4e1dd258e284ff821d | E17: V1.1 | F17: 5826 | G17: Complete | H17: 46184 | I17: Harwyn | J17: HWYN2608 Emmaus (2 Mega & Classroom) | K17: 00606 - Floor Structure: Install Structflor | L17: 0.25 | M17: 0.60416667 | N17: 8.5 | O17: - | P17: 8 | Q17: HWYN2608 Emmaus (2 Mega & Classroom) | R17: Signed - Lyric Kereopa | S17: 46184 | T17: 0.61520833 | U17: Signed - Dan Guille | V17: 46185 | W17: 0.36666667
A18: Martin Fischer | B18: 46184 | C18: 46185 | D18: 6a2a39467560597d2c90b853 | E18: V1.1 | F18: 5824 | G18: Complete | H18: 46184 | I18: Harwyn | J18: HWYN2608 Emmaus (2 Mega & Classroom) | K18: 00606 - Floor Structure: Install Structflor | L18: 0.26944444 | M18: 0.60416667 | N18: 8.03 | O18: - | P18: 7.53 | Q18: HWYN2608 Emmaus (2 Mega & Classroom) | R18: Signed - Martin Fischer | S18: 46184 | T18: 0.603125 | U18: Signed - Dan Guille | V18: 46185 | W18: 0.36652778
A19: Sean Gray | B19: 46184 | C19: 46185 | D19: 6a29c2fcf05dce590426e2dc | E19: V1.1 | F19: 5825 | G19: Complete | H19: 46184 | I19: Harwyn | J19: HWYN2608 Emmaus (2 Mega & Classroom) | K19: 00606 - Floor Structure: Install Structflor | L19: 0.25 | M19: 0.61458333 | N19: 8.75 | O19: - | P19: 8.25 | Q19: HWYN2608 Emmaus (2 Mega & Classroom) | R19: Signed - Sean Gray | S19: 46184 | T19: 0.6144213 | U19: Signed - Dan Guille | V19: 46185 | W19: 0.36641204
A20: Lyric Kereopa | B20: 46183 | C20: 46184 | D20: 6a2940bfbe63cf6dc791d0ff | E20: V1.1 | F20: 5820 | G20: Complete | H20: 46183 | I20: Harwyn | J20: HWYN2608 Emmaus (2 Mega & Classroom) | K20: 00603 - Floor Structure: Install Kingspan (inc. cutting) | L20: 0.27083333 | M20: 0.60416667 | N20: 8 | O20: - | P20: 7.5 | Q20: HWYN2608 Emmaus (2 Mega & Classroom) | R20: Signed - Lyric Kereopa | S20: 46183 | T20: 0.86694444 | U20: Signed - Dan Guille | V20: 46184 | W20: 0.35096065
... A24: Martin Fischer | B24: 46182 | C24: 46184 | D24: 6a27235e52bb8a71a31a61f6 | E24: V1.1 | F24: 5810 | G24: Complete | H24: 46182 | I24: Harwyn | J24: HWYN2608 Emmaus (2 Mega & Classroom) | K24: 00408 - Structural Steel: Level bases and straighten structural steel | L24: 0.26111111 | M24: 0.53472222 | N24: 6.57 | O24: - | P24: 7.6 | Q24: HWYN2608 Emmaus (2 Mega & Classroom) | R24: Signed - Martin Fischer | S24: 46183 | T24: 0.60108796 | U24: Signed - Dan Guille | V24: 46184 | W24: 0.35204861
A25: Martin Fischer | B25: 46182 | C25: 46184 | D25: 6a27235e52bb8a71a31a61f6 | E25: V1.1 | F25: 5810 | G25: Complete | H25: 46182 | I25: Harwyn | J25: 00: Absent | K25: 00 - ABSENT | L25: 0.53472222 | M25: 0.59861111 | N25: 1.53 | O25: Annual leave
A26: Sean Gray | B26: 46180 | C26: 46183 | D26: 6a2547b3a56602aeccf3bee2 | E26: V1.1 | F26: 5809 | G26: Complete | H26: 46182 | I26: Harwyn | J26: HWYN2608 Emmaus (2 Mega & Classroom) | K26: 00408 - Structural Steel: Level bases and straighten structural steel | L26: 0.25 | M26: 0.60416667 | N26: 8.5 | O26: - | P26: 8 | Q26: HWYN2608 Emmaus (2 Mega & Classroom) | R26: Signed - Sean Gray | S26: 46183 | T26: 0.25255787 | U26: Signed - Dan Guille | V26: 46183 | W26: 0.2899537
A27: Lyric Kereopa | B27: 46183 | C27: 46184 | D27: 6a294003be63cf6dc791d0fd | E27: V1.1 | F27: 5818 | G27: Complete | H27: 46178 | I27: Harwyn | J27: HWYN2608 Emmaus (2 Mega & Classroom) | K27: 00407 - Structural Steel: Paint Base Labour | L27: 0.29166667 | M27: 0.64583333 | N27: 8.5 | O27: - | P27: 8 | Q27: HWYN2608 Emmaus (2 Mega & Classroom) | R27: Signed - Lyric Kereopa | S27: 46183 | T27: 0.86498843 | U27: Signed - Dan Guille | V27: 46184 | W27: 0.35271991
A28: Sean Gray | B28: 46178 | C28: 46182 | D28: 6a2253cbf0b5a748bfa590bf | E28: V1.1 | F28: 5801 | G28: Complete | H28: 46178 | I28: Harwyn | J28: HWYN0000 General Factory | K28: 00406 - Structural Steel: Structural Steel external coating paint | L28: 0.25 | M28: 0.6125 | N28: 8.7 | O28: Set out first part of the day | P28: 8.2 | Q28: HWYN0000 General Factory | R28: Signed - Sean Gray | S28: 46178 | T28: 0.6137037 | U28: Signed - Dan Guille | V28: 46182 | W28: 0.31697917
A29: Martin Fischer | B29: 46178 | C29: 46182 | D29: 6a2245649f51c84e2abf4012 | E29: V1.1 | F29: 5802 | G29: Complete | H29: 46178 | I29: Harwyn | J29: HWYN2608 Emmaus (2 Mega & Classroom) | K29: 00407 - Structural Steel: Paint Base Labour | L29: 0.25 | M29: 0.60416667 | N29: 8.5 | O29: - | P29: 8 | Q29: HWYN2608 Emmaus (2 Mega & Classroom) | R29: Signed - Martin Fischer | S29: 46178 | T29: 0.6569213 | U29: Signed - Dan Guille | V29: 46182 | W29: 0.31671296
A30: Lyric Kereopa | B30: 46183 | C30: 46184 | D30: 6a293f26be63cf6dc791d0fc | E30: V1.1 | F30: 5817 | G30: Complete | H30: 46177 | I30: Harwyn | J30: HWYN2608 Emmaus (2 Mega & Classroom) | K30: 01704 - Prep modules for Transport: Split pods and Transport Prep | L30: 0.29166667 | M30: 0.64583333 | N30: 8.5 | O30: - | P30: 8 | Q30: HWYN2608 Emmaus (2 Mega & Classroom) | R30: Signed - Lyric Kereopa | S30: 46183 | T30: 0.86398148 | U30: Signed - Dan Guille | V30: 46184 | W30: 0.35293981
A31: Martin Fischer | B31: 46178 | C31: 46182 | D31: 6a2244929f51c84e2abf4011 | E31: V1.1 | F31: 5800 | G31: Complete | H31: 46177 | I31: Harwyn | J31: HWYN2608 Emmaus (2 Mega & Classroom) | K31: 00407 - Structural Steel: Paint Base Labour | L31: 0.25 | M31: 0.60416667 | N31: 8.5 | O31: - | P31: 8 | Q31: HWYN2608 Emmaus (2 Mega & Classroom) | R31: Signed - Martin Fischer | S31: 46178 | T31: 0.56954861 | U31: Signed - Dan Guille | V31: 46182 | W31: 0.31711806
A32: Sean Gray | B32: 46177 | C32: 46178 | D32: 6a210d2a323343d87aabff3b | E32: V1.1 | F32: 5798 | G32: Complete | H32: 46177 | I32: Harwyn | J32: HWYN0000 General Factory | K32: 01906 - Building Install: Onsite Commissioning Works | L32: 0.29166667 | M32: 0.64583333 | N32: 8.5 | O32: - | P32: 8 | Q32: HWYN0000 General Factory | R32: Signed - Sean Gray | S32: 46177 | T32: 0.64594907 | U32: Signed - Dan Guille | V32: 46178 | W32: 0.40725694
A33: Sean Gray | B33: 46177 | C33: 46178 | D33: 6a210cc2323343d87aabff3a | E33: V1.1 | F33: 5797 | G33: Complete | H33: 46176 | I33: Harwyn | J33: HWYN0000 General Factory | K33: 01906 - Building Install: Onsite Commissioning Works | L33: 0.25 | M33: 0.5875 | N33: 8.1 | O33: - | P33: 7.6 | Q33: HWYN0000 General Factory | R33: Signed - Sean Gray | S33: 46177 | T33: 0.64509259 | U33: Signed - Dan Guille | V33: 46178 | W33: 0.40802083
A34: Lyric Kereopa | B34: 46176 | C34: 46178 | D34: 6a1fcf90f205f35e5ed50992 | E34: V1.1 | F34: 5795 | G34: Complete | H34: 46176 | I34: Harwyn | J34: HWYN0000 General Factory | K34: 01906 - Building Install: Onsite Commissioning Works | L34: 0.29166667 | M34: 0.62916667 | N34: 8.1 | O34: - | P34: 7.6 | Q34: HWYN0000 General Factory | R34: Signed - Lyric Kereopa | S34: 46176 | T34: 0.70538194 | U34: Signed - Dan Guille | V34: 46178 | W34: 0.40787037
A35: Martin Fischer | B35: 46176 | C35: 46178 | D35: 6a1fb9dc6e176029cef4e76c | E35: V1.1 | F35: 5794 | G35: Complete | H35: 46176 | I35: Harwyn | J35: HWYN0000 General Factory | K35: 01907 - Building Install: On-site Clean | L35: 0.25 | M35: 0.5875 | N35: 8.1 | O35: - | P35: 7.6 | Q35: HWYN0000 General Factory | R35: Signed - Martin Fischer | S35: 46176 | T35: 0.64060185 | U35: Signed - Dan Guille | V35: 46178 | W35: 0.40775463
A36: Martin Fischer | B36: 46176 | C36: 46178 | D36: 6a1fb9aa6e176029cef4e76b | E36: V1.1 | F36: 5793 | G36: Complete | H36: 46175 | I36: Harwyn | J36: HWYN0000 General Factory | K36: 01907 - Building Install: On-site Clean | L36: 0.25 | M36: 0.58333333 | N36: 8 | O36: - | P36: 7.5 | Q36: HWYN0000 General Factory | R36: Signed - Martin Fischer | S36: 46176 | T36: 0.63981481 | U36: Signed - Dan Guille | V36: 46178 | W36: 0.40811343
A37: Sean Gray | B37: 46175 | C37: 46176 | D37: 6a1de58e0de43044904a14b2 | E37: V1.1 | F37: 5788 | G37: Complete | H37: 46175 | I37: Harwyn | J37: HWYN0000 General Factory | K37: 01907 - Building Install: On-site Clean | L37: 0.25 | M37: 0.58611111 | N37: 8.07 | O37: Misc works | P37: 7.57 | Q37: HWYN0000 General Factory | R37: Signed - Sean Gray | S37: 46175 | T37: 0.68511574 | U37: Signed - Dan Guille | V37: 46176 | W37: 0.40644676
... A45: Sean Gray | B45: 46168 | C45: 46169 | D45: 6a151f367418eb291604b501 | E45: V1.1 | F45: 5764 | G45: Complete | H45: 46168 | I45: Harwyn | J45: HWYN2535 Westbourne Grammar | K45: 01704 - Prep modules for Transport: Split pods and Transport Prep | L45: 0.25 | M45: 0.35416667 | N45: 2.5 | O45: - | P45: 8 | Q45: HWYN2535 Westbourne Grammar | R45: Signed - Sean Gray | S45: 46168 | T45: 0.60452546 | U45: Signed - Dan Guille | V45: 46169 | W45: 0.37496528
A46: Sean Gray | B46: 46168 | C46: 46169 | D46: 6a151f367418eb291604b501 | E46: V1.1 | F46: 5764 | G46: Complete | H46: 46168 | I46: Harwyn | J46: HWYN2608 Emmaus (2 Mega & Classroom) | K46: 01305 - Insulation: Insulation Installation | L46: 0.35416667 | M46: 0.45833333 | N46: 2.5 | O46: -
A47: Sean Gray | B47: 46168 | C47: 46169 | D47: 6a151f367418eb291604b501 | E47: V1.1 | F47: 5764 | G47: Complete | H47: 46168 | I47: Harwyn | J47: HWYN0000 General Factory | K47: 00845 - Internal Linings/ Finishes: Birch Ply Prep Work (not install) | L47: 0.45833333 | M47: 0.60416667 | N47: 3.5 | O47: -
A48: Martin Fischer | B48: 46168 | C48: 46169 | D48: 6a151f1a6cd7ab830a2273ad | E48: V1.1 | F48: 5763 | G48: Complete | H48: 46168 | I48: Harwyn | J48: HWYN2535 Westbourne Grammar | K48: 01704 - Prep modules for Transport: Split pods and Transport Prep | L48: 0.25 | M48: 0.35416667 | N48: 2.5 | O48: - | P48: 8 | Q48: HWYN2535 Westbourne Grammar | R48: Signed - Martin Fischer | S48: 46168 | T48: 0.6043287 | U48: Signed - Dan Guille | V48: 46169 | W48: 0.37484954
A49: Martin Fischer | B49: 46168 | C49: 46169 | D49: 6a151f1a6cd7ab830a2273ad | E49: V1.1 | F49: 5763 | G49: Complete | H49: 46168 | I49: Harwyn | J49: HWYN2608 Emmaus (2 Mega & Classroom) | K49: 01305 - Insulation: Insulation Installation | L49: 0.35416667 | M49: 0.45833333 | N49: 2.5 | O49: -
A50: Martin Fischer | B50: 46168 | C50: 46169 | D50: 6a151f1a6cd7ab830a2273ad | E50: V1.1 | F50: 5763 | G50: Complete | H50: 46168 | I50: Harwyn | J50: HWYN0000 General Factory | K50: 00845 - Internal Linings/ Finishes: Birch Ply Prep Work (not install) | L50: 0.45833333 | M50: 0.60416667 | N50: 3.5 | O50: -
A51: Lyric Kereopa | B51: 46169 | C51: 46170 | D51: 6a16df766b7c59938924e3b2 | E51: V1.1 | F51: 5774 | G51: Complete | H51: 46167 | I51: Harwyn | J51: HWYN2608 Emmaus (2 Mega & Classroom) | K51: 00822 - Internal Linings/ Finishes: Install Hardboard Ply | L51: 0.25 | M51: 0.60416667 | N51: 8.5 | O51: - | P51: 8 | Q51: HWYN2608 Emmaus (2 Mega & Classroom) | R51: Signed - Lyric Kereopa | S51: 46169 | T51: 0.92628472 | U51: Signed - Dan Guille | V51: 46170 | W51: 0.45986111
A52: Sean Gray | B52: 46167 | C52: 46168 | D52: 6a13d008dab8734519605a6e | E52: V1.1 | F52: 5756 | G52: Complete | H52: 46167 | I52: Harwyn | J52: HWYN2608 Emmaus (2 Mega & Classroom) | K52: 00822 - Internal Linings/ Finishes: Install Hardboard Ply | L52: 0.24930556 | M52: 0.60416667 | N52: 8.52 | O52: Started insulation | P52: 8.02 | Q52: HWYN2608 Emmaus (2 Mega & Classroom) | R52: Signed - Sean Gray | S52: 46167 | T52: 0.60472222 | U52: Signed - Dan Guille | V52: 46168 | W52: 0.40416667
A53: Martin Fischer | B53: 46167 | C53: 46168 | D53: 6a13cfa026462b5fbfbfae8d | E53: V1.1 | F53: 5755 | G53: Complete | H53: 46167 | I53: Harwyn | J53: HWYN2608 Emmaus (2 Mega & Classroom) | K53: 00822 - Internal Linings/ Finishes: Install Hardboard Ply | L53: 0.25 | M53: 0.60416667 | N53: 8.5 | O53: - | P53: 8 | Q53: HWYN2608 Emmaus (2 Mega & Classroom) | R53: Signed - Martin Fischer | S53: 46167 | T53: 0.60346065 | U53: Signed - Dan Guille | V53: 46168 | W53: 0.40408565
A54: Lyric Kereopa | B54: 46169 | C54: 46170 | D54: 6a16df196b7c59938924e3b1 | E54: V1.1 | F54: 5773 | G54: Complete | H54: 46164 | I54: Harwyn | J54: HWYN2608 Emmaus (2 Mega & Classroom) | K54: 00503 - Framing: Frame Installation | L54: 0.25 | M54: 0.60416667 | N54: 8.5 | O54: - | P54: 8 | Q54: HWYN2608 Emmaus (2 Mega & Classroom) | R54: Signed - Lyric Kereopa | S54: 46169 | T54: 0.92440972 | U54: Signed - Dan Guille | V54: 46170 | W54: 0.45993056
A55: Martin Fischer | B55: 46167 | C55: 46167 | D55: 6a1359194891637f15da3b98 | E55: V1.1 | F55: 5753 | G55: Complete | H55: 46164 | I55: Harwyn | J55: HWYN2608 Emmaus (2 Mega & Classroom) | K55: 00503 - Framing: Frame Installation | L55: 0.25 | M55: 0.45833333 | N55: 5 | O55: - | P55: 7.6 | Q55: HWYN2608 Emmaus (2 Mega & Classroom) | R55: Signed - Martin Fischer | S55: 46167 | T55: 0.25811343 | U55: Signed - Dan Guille | V55: 46167 | W55: 0.26101852
A56: Martin Fischer | B56: 46167 | C56: 46167 | D56: 6a1359194891637f15da3b98 | E56: V1.1 | F56: 5753 | G56: Complete | H56: 46164 | I56: Harwyn | J56: 00: Absent | K56: 00 - ABSENT | L56: 0.45833333 | M56: 0.5875 | N56: 3.1 | O56: Personal leave please. Picked sick child up from school
A57: Sean Gray | B57: 46164 | C57: 46167 | D57: 6a0f648f04d309405ed853b4 | E57: V1.1 | F57: 5751 | G57: Complete | H57: 46164 | I57: Harwyn | J57: HWYN2608 Emmaus (2 Mega & Classroom) | K57: 00503 - Framing: Frame Installation | L57: 0.24861111 | M57: 0.41666667 | N57: 4.03 | O57: - | P57: 8.06 | Q57: HWYN2608 Emmaus (2 Mega & Classroom) | R57: Signed - Sean Gray | S57: 46164 | T57: 0.60643519 | U57: Signed - Dan Guille | V57: 46167 | W57: 0.25958333
A58: Sean Gray | B58: 46164 | C58: 46167 | D58: 6a0f648f04d309405ed853b4 | E58: V1.1 | F58: 5751 | G58: Complete | H58: 46164 | I58: Harwyn | J58: HWYN2608 Emmaus (2 Mega & Classroom) | K58: 00603 - Floor Structure: Install Kingspan (inc. cutting) | L58: 0.41666667 | M58: 0.5 | N58: 2 | O58: -
A59: Sean Gray | B59: 46164 | C59: 46167 | D59: 6a0f648f04d309405ed853b4 | E59: V1.1 | F59: 5751 | G59: Complete | H59: 46164 | I59: Harwyn | J59: HWYN2608 Emmaus (2 Mega & Classroom) | K59: 00606 - Floor Structure: Install Structflor | L59: 0.5 | M59: 0.54166667 | N59: 1 | O59: -
A60: Sean Gray | B60: 46164 | C60: 46167 | D60: 6a0f648f04d309405ed853b4 | E60: V1.1 | F60: 5751 | G60: Complete | H60: 46164 | I60: Harwyn | J60: HWYN2608 Emmaus (2 Mega & Classroom) | K60: 00822 - Internal Linings/ Finishes: Install Hardboard Ply | L60: 0.54166667 | M60: 0.60555556 | N60: 1.53 | O60: -
A61: Lyric Kereopa | B61: 46169 | C61: 46170 | D61: 6a16de956b7c59938924e3b0 | E61: V1.1 | F61: 5772 | G61: Complete | H61: 46163 | I61: Harwyn | J61: HWYN2608 Emmaus (2 Mega & Classroom) | K61: 00503 - Framing: Frame Installation | L61: 0.25 | M61: 0.60416667 | N61: 8.5 | O61: - | P61: 8 | Q61: HWYN2608 Emmaus (2 Mega & Classroom) | R61: Signed - Lyric Kereopa | S61: 46169 | T61: 0.92351852 | U61: Signed - Dan Guille | V61: 46170 | W61: 0.46021991
A62: Sean Gray | B62: 46163 | C62: 46164 | D62: 6a0e89dfeac1aa609d4c44ff | E62: V1.1 | F62: 5748 | G62: Complete | H62: 46163 | I62: Harwyn | J62: HWYN2608 Emmaus (2 Mega & Classroom) | K62: 00503 - Framing: Frame Installation | L62: 0.25 | M62: 0.60486111 | N62: 8.52 | O62: - | P62: 8.02 | Q62: HWYN2608 Emmaus (2 Mega & Classroom) | R62: Signed - Sean Gray | S62: 46163 | T62: 0.60559028 | U62: Signed - Dan Guille | V62: 46164 | W62: 0.33979167
A63: Martin Fischer | B63: 46163 | C63: 46164 | D63: 6a0e8997e1e5db53c3d156ee | E63: V1.1 | F63: 5747 | G63: Complete | H63: 46163 | I63: Harwyn | J63: HWYN2608 Emmaus (2 Mega & Classroom) | K63: 00503 - Framing: Frame Installation | L63: 0.25 | M63: 0.60416667 | N63: 8.5 | O63: - | P63: 8 | Q63: HWYN2608 Emmaus (2 Mega & Classroom) | R63: Signed - Martin Fischer | S63: 46163 | T63: 0.60309028 | U63: Signed - Dan Guille | V63: 46164 | W63: 0.33966435
A64: Lyric Kereopa | B64: 46162 | C64: 46163 | D64: 6a0d5ef72a7678d1348fffbf | E64: V1.1 | F64: 5744 | G64: Complete | H64: 46162 | I64: Harwyn | J64: HWYN2535 Westbourne Grammar | K64: 01504 - Cladding: Cladding Install | L64: 0.25 | M64: 0.60416667 | N64: 8.5 | O64: - | P64: 8 | Q64: HWYN2535 Westbourne Grammar | R64: Signed - Lyric Kereopa | S64: 46162 | T64: 0.7178588 | U64: Signed - Dan Guille | V64: 46163 | W64: 0.2478125
A65: Sean Gray | B65: 46162 | C65: 46163 | D65: 6a0d38eb2831cd6ff60ff373 | E65: V1.1 | F65: 5743 | G65: Complete | H65: 46162 | I65: Harwyn | J65: HWYN2535 Westbourne Grammar | K65: 01504 - Cladding: Cladding Install | L65: 0.25 | M65: 0.60416667 | N65: 8.5 | O65: - | P65: 8 | Q65: HWYN2535 Westbourne Grammar | R65: Signed - Sean Gray | S65: 46162 | T65: 0.60591435 | U65: Signed - Dan Guille | V65: 46163 | W65: 0.24792824
A66: Martin Fischer | B66: 46162 | C66: 46163 | D66: 6a0cc14e173847245bd72eb6 | E66: V1.1 | F66: 5745 | G66: Complete | H66: 46162 | I66: Harwyn | J66: HWYN2535 Westbourne Grammar | K66: 01504 - Cladding: Cladding Install | L66: 0.25 | M66: 0.58333333 | N66: 8 | O66: - | P66: 7.5 | Q66: HWYN2535 Westbourne Grammar | R66: Signed - Martin Fischer | S66: 46163 | T66: 0.25409722 | U66: Signed - Dan Guille | V66: 46163 | W66: 0.28210648
A67: Sean Gray | B67: 46161 | C67: 46162 | D67: 6a0b6f6ac49afb0af827fa0e | E67: V1.1 | F67: 5736 | G67: Complete | H67: 46161 | I67: Harwyn | J67: HWYN2535 Westbourne Grammar | K67: 01504 - Cladding: Cladding Install | L67: 0.24861111 | M67: 0.60625 | N67: 8.58 | O67: - | P67: 8.08 | Q67: HWYN2535 Westbourne Grammar | R67: Signed - Sean Gray | S67: 46161 | T67: 0.60662037 | U67: Signed - Dan Guille | V67: 46162 | W67: 0.24357639
A68: Martin Fischer | B68: 46160 | C68: 46162 | D68: 6a0ac845101e5e1a736fc024 | E68: V1.1 | F68: 5735 | G68: Complete | H68: 46161 | I68: Harwyn | J68: HWYN2535 Westbourne Grammar | K68: 01504 - Cladding: Cladding Install | L68: 0.25416667 | M68: 0.60416667 | N68: 8.4 | O68: - | P68: 7.9 | Q68: HWYN2535 Westbourne Grammar | R68: Signed - Martin Fischer | S68: 46161 | T68: 0.60462963 | U68: Signed - Dan Guille | V68: 46162 | W68: 0.24347222
A69: Sean Gray | B69: 46160 | C69: 46161 | D69: 6a0ac7570f639c698523ffdb | E69: V1.1 | F69: 5725 | G69: Complete | H69: 46160 | I69: Harwyn | J69: HWYN2535 Westbourne Grammar | K69: 01504 - Cladding: Cladding Install | L69: 0.36458333 | M69: 0.68958333 | N69: 7.8 | O69: Helped @ Selwyns house as well, i also have minused off 30mins travel. | P69: 7.3 | Q69: HWYN2535 Westbourne Grammar | R69: Signed - Sean Gray | S69: 46160 | T69: 0.75429398 | U69: Signed - Dan Guille | V69: 46161 | W69: 0.27106481
A70: Lyric Kereopa | B70: 46160 | C70: 46161 | D70: 6a0ac237b96d1f6cd9e7f629 | E70: V1.1 | F70: 5724 | G70: Complete | H70: 46160 | I70: Harwyn | J70: HWYN2535 Westbourne Grammar | K70: 01504 - Cladding: Cladding Install | L70: 0.3125 | M70: 0.6875 | N70: 9 | O70: - | P70: 8.5 | Q70: HWYN2535 Westbourne Grammar | R70: Signed - Lyric Kereopa | S70: 46160 | T70: 0.73667824 | U70: Signed - Dan Guille | V70: 46161 | W70: 0.27097222
A71: Martin Fischer | B71: 46160 | C71: 46161 | D71: 6a0a1f468e6dbbbac6b5041b | E71: V1.1 | F71: 5723 | G71: Complete | H71: 46160 | I71: Harwyn | J71: HWYN2535 Westbourne Grammar | K71: 01504 - Cladding: Cladding Install | L71: 0.25 | M71: 0.59375 | N71: 8.25 | O71: - | P71: 7.75 | Q71: HWYN2535 Westbourne Grammar | R71: Signed - Martin Fischer | S71: 46160 | T71: 0.59372685 | U71: Signed - Dan Guille | V71: 46161 | W71: 0.27087963
A72: Lyric Kereopa | B72: 46157 | C72: 46161 | D72: 6a06b72ace5b1184f6f30775 | E72: V1.1 | F72: 5719 | G72: Complete | H72: 46157 | I72: Harwyn | J72: HWYN2533 Global Village Learning | K72: 01906 - Building Install: Onsite Commissioning Works | L72: 0.27083333 | M72: 0.625 | N72: 8.5 | O72: Did not stop for lunch | P72: 8 | Q72: HWYN2533 Global Village Learning | R72: Signed - Lyric Kereopa | S72: 46157 | T72: 0.66978009 | U72: Signed - Dan Guille | V72: 46161 | W72: 0.27478009
... A81: Martin Fischer | B81: 46155 | C81: 46161 | D81: 6a0387335e503d0731b5c20b | E81: V1.1 | F81: 5707 | G81: Complete | H81: 46155 | I81: Harwyn | J81: HWYN2535 Westbourne Grammar | K81: 01504 - Cladding: Cladding Install | L81: 0.25 | M81: 0.54166667 | N81: 7 | O81: - | P81: 7.55 | Q81: HWYN2535 Westbourne Grammar | R81: Signed - Martin Fischer | S81: 46155 | T81: 0.58549769 | U81: Signed - Dan Guille | V81: 46161 | W81: 0.27583333
A82: Martin Fischer | B82: 46155 | C82: 46161 | D82: 6a0387335e503d0731b5c20b | E82: V1.1 | F82: 5707 | G82: Complete | H82: 46155 | I82: Harwyn | J82: HWYN2535 Westbourne Grammar | K82: 01509 - Cladding: Install AC Condenser Cover | L82: 0.54166667 | M82: 0.58541667 | N82: 1.05 | O82: -
A83: Ray Po-Ching | B83: 46156 | C83: 46161 | D83: 6a055be5f3b2750afc4392cf | E83: V1.1 | F83: 5712 | G83: Complete | H83: 46154 | I83: Harwyn | J83: HWYN2535 Westbourne Grammar | K83: 01504 - Cladding: Cladding Install | L83: 0.29166667 | M83: 0.64583333 | N83: 8.5 | O83: - | P83: 8 | Q83: HWYN2535 Westbourne Grammar | R83: Signed - Ray Po-Ching | S83: 46156 | T83: 0.64090278 | U83: Signed - Dan Guille | V83: 46161 | W83: 0.27966435
A84: Lyric Kereopa | B84: 46154 | C84: 46161 | D84: 6a02f413334721f2bd5aa38a | E84: V1.1 | F84: 5701 | G84: Complete | H84: 46154 | I84: Harwyn | J84: HWYN2533 Global Village Learning | K84: 01906 - Building Install: Onsite Commissioning Works | L84: 0.27083333 | M84: 0.625 | N84: 8.5 | O84: - | P84: 8 | Q84: HWYN2533 Global Village Learning | R84: Signed - Lyric Kereopa | S84: 46154 | T84: 0.81586806 | U84: Signed - Dan Guille | V84: 46161 | W84: 0.27827546
A85: Sean Gray | B85: 46154 | C85: 46161 | D85: 6a02c168b15ed81aaf3b6f19 | E85: V1.1 | F85: 5695 | G85: Complete | H85: 46154 | I85: Harwyn | J85: HWYN2533 Global Village Learning | K85: 01910 - Building Install: Decking Installation | L85: 0.27083333 | M85: 0.62986111 | N85: 8.62 | O85: - | P85: 8.12 | Q85: HWYN2533 Global Village Learning | R85: Signed - Sean Gray | S85: 46154 | T85: 0.66572917 | U85: Signed - Dan Guille | V85: 46161 | W85: 0.27799769
A86: Martin Fischer | B86: 46154 | C86: 46161 | D86: 6a0233562d08c480e5fecd6a | E86: V1.1 | F86: 5693 | G86: Complete | H86: 46154 | I86: Harwyn | J86: HWYN2535 Westbourne Grammar | K86: 01504 - Cladding: Cladding Install | L86: 0.25 | M86: 0.60416667 | N86: 8.5 | O86: - | P86: 8 | Q86: HWYN2535 Westbourne Grammar | R86: Signed - Martin Fischer | S86: 46154 | T86: 0.60365741 | U86: Signed - Dan Guille | V86: 46161 | W86: 0.27648148
A87: Lyric Kereopa | B87: 46153 | C87: 46161 | D87: 6a01b00028b6c36800e0e51c | E87: V1.1 | F87: 5700 | G87: Complete | H87: 46153 | I87: Harwyn | J87: HWYN2533 Global Village Learning | K87: 01906 - Building Install: Onsite Commissioning Works | L87: 0.27083333 | M87: 0.66666667 | N87: 9.5 | O87: - | P87: 9 | Q87: HWYN2533 Global Village Learning | R87: Signed - Lyric Kereopa | S87: 46153 | T87: 0.85571759 | U87: Signed - Dan Guille | V87: 46161 | W87: 0.27983796
A88: Sean Gray | B88: 46153 | C88: 46154 | D88: 6a018655f3c047181fa0686b | E88: V1.1 | F88: 5690 | G88: Complete | H88: 46153 | I88: Harwyn | J88: HWYN2533 Global Village Learning | K88: 01910 - Building Install: Decking Installation | L88: 0.21597222 | M88: 0.66666667 | N88: 10.82 | O88: - | P88: 10.32 | Q88: HWYN2533 Global Village Learning | R88: Signed - Sean Gray | S88: 46153 | T88: 0.73210648 | U88: Signed - Dan Guille | V88: 46154 | W88: 0.26767361
A89: Ray Po-Ching | B89: 46153 | C89: 46154 | D89: 6a0169403bda38c32783bebb | E89: V1.1 | F89: 5688 | G89: Complete | H89: 46153 | I89: Harwyn | J89: HWYN2533 Global Village Learning | K89: 01504 - Cladding: Cladding Install | L89: 0.29166667 | M89: 0.64583333 | N89: 8.5 | O89: - | P89: 8 | Q89: HWYN2533 Global Village Learning | R89: Signed - Ray Po-Ching | S89: 46153 | T89: 0.64627315 | U89: Signed - Dan Guille | V89: 46154 | W89: 0.26747685
A90: Martin Fischer | B90: 46153 | C90: 46154 | D90: 6a00e3ab50d4aafa8e17ae58 | E90: V1.1 | F90: 5687 | G90: Complete | H90: 46153 | I90: Harwyn | J90: HWYN2535 Westbourne Grammar | K90: 01504 - Cladding: Cladding Install | L90: 0.25 | M90: 0.60416667 | N90: 8.5 | O90: - | P90: 8 | Q90: HWYN2535 Westbourne Grammar | R90: Signed - Martin Fischer | S90: 46153 | T90: 0.60393519 | U90: Signed - Dan Guille | V90: 46154 | W90: 0.26732639
A91: Lyric Kereopa | B91: 46153 | C91: 46154 | D91: 6a01af6028b6c36800e0e51b | E91: V1.1 | F91: 5692 | G91: Complete | H91: 46150 | I91: Harwyn | J91: HWYN2533 Global Village Learning | K91: 01906 - Building Install: Onsite Commissioning Works | L91: 0.27083333 | M91: 0.60416667 | N91: 8 | O91: - | P91: 7.5 | Q91: HWYN2533 Global Village Learning | R91: Signed - Lyric Kereopa | S91: 46153 | T91: 0.85494213 | U91: Signed - Dan Guille | V91: 46154 | W91: 0.27109954
A92: Ray Po-Ching | B92: 46153 | C92: 46154 | D92: 6a00f0d818576d382c775f1d | E92: V2.3 | F92: 5686 | G92: Complete | H92: 46150 | I92: Harwyn | J92: HWYN2535 Westbourne Grammar | K92: 01504 - Cladding: Cladding Install | L92: 0.29166667 | M92: 0.65625 | N92: 8.75 | O92: - | P92: 8.25 | Q92: HWYN2535 Westbourne Grammar | R92: Signed - Dan Guille | S92: 46154 | T92: 0.2709375 | U92: Signed - Dan Guille | V92: 46154 | W92: 0.27097222
A93: Sean Gray | B93: 46150 | C93: 46154 | D93: 69fd80b5c892e0ecc26a2154 | E93: V1.1 | F93: 5683 | G93: Complete | H93: 46150 | I93: Harwyn | J93: HWYN2533 Global Village Learning | K93: 01910 - Building Install: Decking Installation | L93: 0.21597222 | M93: 0.60625 | N93: 9.37 | O93: - | P93: 8.87 | Q93: HWYN2533 Global Village Learning | R93: Signed - Sean Gray | S93: 46150 | T93: 0.68144676 | U93: Signed - Dan Guille | V93: 46154 | W93: 0.27037037
A94: Martin Fischer | B94: 46150 | C94: 46154 | D94: 69fd6510067f810127b7016d | E94: V1.1 | F94: 5682 | G94: Complete | H94: 46150 | I94: Harwyn | J94: HWYN2535 Westbourne Grammar | K94: 01504 - Cladding: Cladding Install | L94: 0.25 | M94: 0.60416667 | N94: 8.5 | O94: - | P94: 8 | Q94: HWYN2535 Westbourne Grammar | R94: Signed - Martin Fischer | S94: 46150 | T94: 0.60513889 | U94: Signed - Dan Guille | V94: 46154 | W94: 0.26790509
... A165: Ray Po-Ching | B165: 46125 | C165: 46128 | D165: 69dc811095a3d48244a95369 | E165: V2.3 | F165: 5525 | G165: Complete | H165: 46125 | I165: Harwyn | J165: HWYN0000 General Factory | K165: 01504 - Cladding: Cladding Install | L165: 0.41666667 | M165: 0.65069444 | N165: 5.62 | O165: battens only | P165: 8.12 | Q165: HWYN0000 General Factory | R165: Signed - Dan Guille | S165: 46128 | T165: 0.33875 | U165: Signed - Dan Guille | V165: 46128 | W165: 0.33878472
A166: Ray Po-Ching | B166: 46125 | C166: 46128 | D166: 69dc811095a3d48244a95369 | E166: V2.3 | F166: 5525 | G166: Complete | H166: 46125 | I166: Harwyn | J166: HWYN2531 Immanuel Lutheran College | K166: 01704 - Prep modules for Transport: Split pods and Transport Prep | L166: 0.29166667 | M166: 0.41666667 | N166: 3 | O166: -
A167: Martin Fischer | B167: 46125 | C167: 46128 | D167: 69dbf97d34724f78490fe16f | E167: V2.3 | F167: 5524 | G167: Complete | H167: 46125 | I167: Harwyn | J167: HWYN2531 Immanuel Lutheran College | K167: 01704 - Prep modules for Transport: Split pods and Transport Prep | L167: 0.25 | M167: 0.41666667 | N167: 4 | O167: - | P167: 7.5 | Q167: HWYN2531 Immanuel Lutheran College | R167: Signed - Dan Guille | S167: 46128 | T167: 0.3378125 | U167: Signed - Dan Guille | V167: 46128 | W167: 0.33783565
A168: Martin Fischer | B168: 46125 | C168: 46128 | D168: 69dbf97d34724f78490fe16f | E168: V2.3 | F168: 5524 | G168: Complete | H168: 46125 | I168: Harwyn | J168: HWYN2535 Westbourne Grammar | K168: 01504 - Cladding: Cladding Install | L168: 0.41666667 | M168: 0.58333333 | N168: 4 | O168: Battens only
A169: Ray Po-Ching | B169: 46135 | C169: 46135 | D169: 69e8dbe6668d0b080da2b946 | E169: V1.1 | F169: 5586 | G169: Complete | H169: 46122 | I169: Harwyn | J169: HWYN0000 General Factory | K169: 01627 - Building Completion/ Fit off: Clean Modules | L169: 0.29166667 | M169: 0.54791667 | N169: 6.15 | O169: - | P169: 5.65 | Q169: HWYN0000 General Factory | R169: Signed - Ray Po-Ching | S169: 46135 | T169: 0.02380787 | U169: Signed - Dan Guille | V169: 46135 | W169: 0.24509259
A170: Matt Cornell | B170: 46125 | C170: 46134 | D170: 69dca6c0bee6445b67835045 | E170: V1.1 | F170: 5578 | G170: Complete | H170: 46122 | I170: Harwyn | J170: HWYN2533 Global Village Learning | K170: 01906 - Building Install: Onsite Commissioning Works | L170: 0.27083333 | M170: 0.625 | N170: 8.5 | O170: - | P170: 8 | Q170: HWYN2533 Global Village Learning | R170: Signed - Matt Cornell | S170: 46125 | T170: 0.7633912 | U170: Signed - Dan Guille | V170: 46134 | W170: 0.40988426
A171: Lyric Kereopa | B171: 46122 | C171: 46125 | D171: 69d8a1fcf91a1222a2b31a45 | E171: V1.1 | F171: 5518 | G171: Complete | H171: 46122 | I171: Harwyn | J171: HWYN2533 Global Village Learning | K171: 01916 - Building Install: Travel Allowance (time) | L171: 0.23958333 | M171: 0.30555556 | N171: 1.58 | O171: - | P171: 12.33 | Q171: HWYN2533 Global Village Learning | R171: Signed - Lyric Kereopa | S171: 46122 | T171: 0.71569444 | U171: Signed - Dan Guille | V171: 46125 | W171: 0.33887731
A172: Lyric Kereopa | B172: 46122 | C172: 46125 | D172: 69d8a1fcf91a1222a2b31a45 | E172: V1.1 | F172: 5518 | G172: Complete | H172: 46122 | I172: Harwyn | J172: HWYN2533 Global Village Learning | K172: 01916 - Building Install: Travel Allowance (time) | L172: 0.58333333 | M172: 0.64583333 | N172: 1.5 | O172: -
A173: Lyric Kereopa | B173: 46122 | C173: 46125 | D173: 69d8a1fcf91a1222a2b31a45 | E173: V1.1 | F173: 5518 | G173: Complete | H173: 46122 | I173: Harwyn | J173: HWYN2533 Global Village Learning | K173: 01509 - Cladding: Install AC Condenser Cover | L173: 0.23958333 | M173: 0.64583333 | N173: 9.75 | O173: -
A174: Sean Gray | B174: 46122 | C174: 46125 | D174: 69d89754f8f37807c67a5db3 | E174: V1.1 | F174: 5517 | G174: Complete | H174: 46122 | I174: Harwyn | J174: HWYN2533 Global Village Learning | K174: 01910 - Building Install: Decking Installation | L174: 0.26944444 | M174: 0.65763889 | N174: 9.32 | O174: - | P174: 8.82 | Q174: HWYN2533 Global Village Learning | R174: Signed - Sean Gray | S174: 46122 | T174: 0.68329861 | U174: Signed - Dan Guille | V174: 46125 | W174: 0.33858796
A175: Martin Fischer | B175: 46122 | C175: 46125 | D175: 69d85019057d96d715c4465e | E175: V1.1 | F175: 5521 | G175: Complete | H175: 46122 | I175: Harwyn | J175: HWYN2531 Immanuel Lutheran College | K175: 01627 - Building Completion/ Fit off: Clean Modules | L175: 0.25 | M175: 0.5625 | N175: 7.5 | O175: - | P175: 7 | Q175: HWYN2531 Immanuel Lutheran College | R175: Signed - Martin Fischer | S175: 46122 | T175: 0.57259259 | U175: Signed - Dan Guille | V175: 46125 | W175: 0.33847222
A176: Lyric Kereopa | B176: 46121 | C176: 46125 | D176: 69d7552911bb181b1a9057d8 | E176: V2 | F176: 5512 | G176: Employee | H176: 46121 | I176: Harwyn | J176: HWYN2533 Global Village Learning | K176: 01916 - Building Install: Travel Allowance (time) | L176: 0.23958333 | M176: 0.3125 | N176: 1.75 | O176: - | P176: 3.5 | Q176: HWYN2533 Global Village Learning | R176: Not signed | S176: - | T176: - | U176: Not signed | V176: - | W176: -
A177: Lyric Kereopa | B177: 46121 | C177: 46125 | D177: 69d7552911bb181b1a9057d8 | E177: V2 | F177: 5512 | G177: Employee | H177: 46121 | I177: Harwyn | J177: HWYN2533 Global Village Learning | K177: 01916 - Building Install: Travel Allowance (time) | L177: 0.58333333 | M177: 0.65625 | N177: 1.75 | O177: Plus tolls
A178: Lyric Kereopa | B178: 46121 | C178: 46125 | D178: 69d754e011bb181b1a9057d7 | E178: V1.1 | F178: 5511 | G178: Complete | H178: 46121 | I178: Harwyn | J178: HWYN2533 Global Village Learning | K178: 00705 - Glazing: Installation of Sun Louvres & Brackets | L178: 0.23958333 | M178: 0.65625 | N178: 10 | O178: - | P178: 9.5 | Q178: HWYN2533 Global Village Learning | R178: Signed - Lyric Kereopa | S178: 46121 | T178: 0.7280787 | U178: Signed - Dan Guille | V178: 46125 | W178: 0.33998843
A179: Martin Fischer | B179: 46121 | C179: 46122 | D179: 69d72f7dac929f70b548704b | E179: V1.1 | F179: 5516 | G179: Complete | H179: 46121 | I179: Harwyn | J179: HWYN2533 Global Village Learning | K179: 01906 - Building Install: Onsite Commissioning Works | L179: 0.23194444 | M179: 0.65625 | N179: 10.18 | O179: - | P179: 9.68 | Q179: HWYN2533 Global Village Learning | R179: Signed - Martin Fischer | S179: 46122 | T179: 0.4716088 | U179: Signed - Dan Guille | V179: 46122 | W179: 0.51121528
A180: Sean Gray | B180: 46121 | C180: 46122 | D180: 69d6bad7f3a0dca7862eabf1 | E180: V1.1 | F180: 5510 | G180: Complete | H180: 46121 | I180: Harwyn | J180: HWYN2533 Global Village Learning | K180: 01910 - Building Install: Decking Installation | L180: 0.26875 | M180: 0.62847222 | N180: 8.63 | O180: - | P180: 8.13 | Q180: HWYN2533 Global Village Learning | R180: Signed - Sean Gray | S180: 46121 | T180: 0.6550463 | U180: Signed - Dan Guille | V180: 46122 | W180: 0.27425926
A181: Matt Cornell | B181: 46125 | C181: 46128 | D181: 69dca55cbee6445b67835044 | E181: V1.1 | F181: 5528 | G181: Complete | H181: 46120 | I181: Harwyn | J181: HWYN2533 Global Village Learning | K181: 01906 - Building Install: Onsite Commissioning Works | L181: 0.27083333 | M181: 0.625 | N181: 8.5 | O181: - | P181: 8 | Q181: HWYN2533 Global Village Learning | R181: Signed - Matt Cornell | S181: 46125 | T181: 0.761875 | U181: Signed - Dan Guille | V181: 46128 | W181: 0.33940972
A182: Sean Gray | B182: 46121 | C182: 46121 | D182: 69d6ba94f3a0dca7862eabf0 | E182: V1.1 | F182: 5509 | G182: Complete | H182: 46120 | I182: Harwyn | J182: HWYN2533 Global Village Learning | K182: 01910 - Building Install: Decking Installation | L182: 0.28472222 | M182: 0.70833333 | N182: 10.17 | O182: - | P182: 9.67 | Q182: HWYN2533 Global Village Learning | R182: Signed - Sean Gray | S182: 46121 | T182: 0.27077546 | U182: Signed - Dan Guille | V182: 46121 | W182: 0.3705787
A183: Matt Cornell | B183: 46120 | C183: 46121 | D183: 69d5ff7017d462d5176430e8 | E183: V1.1 | F183: 5505 | G183: Complete | H183: 46120 | I183: Harwyn | J183: HWYN2533 Global Village Learning | K183: 01910 - Building Install: Decking Installation | L183: 0.22916667 | M183: 0.70833333 | N183: 11.5 | O183: - | P183: 11 | Q183: HWYN2533 Global Village Learning | R183: Signed - Matt Cornell | S183: 46120 | T183: 0.71622685 | U183: Signed - Dan Guille | V183: 46121 | W183: 0.36755787
A184: Ray Po-Ching | B184: 46120 | C184: 46121 | D184: 69d5eb2da9b692f3d7626bf8 | E184: V1.1 | F184: 5504 | G184: Complete | H184: 46120 | I184: Harwyn | J184: HWYN0000 General Factory | K184: 01627 - Building Completion/ Fit off: Clean Modules | L184: 0.29166667 | M184: 0.625 | N184: 8 | O184: - | P184: 7.5 | Q184: HWYN0000 General Factory | R184: Signed - Ray Po-Ching | S184: 46120 | T184: 0.65680556 | U184: Signed - Dan Guille | V184: 46121 | W184: 0.36729167
A185: Martin Fischer | B185: 46120 | C185: 46120 | D185: 69d5620f8e26fd6be11db5b4 | E185: V2.3 | F185: 5503 | G185: Complete | H185: 46120 | I185: Harwyn | J185: HWYN2535 Westbourne Grammar | K185: 00506 - Framing: Batten ceiling labour | L185: 0.25 | M185: 0.58333333 | N185: 8 | O185: BATTEN EXTERNAL WALLS | P185: 7.5 | Q185: HWYN2535 Westbourne Grammar | R185: Signed - Dan Guille | S185: 46120 | T185: 0.58615741 | U185: Signed - Dan Guille | V185: 46120 | W185: 0.5862037
A186: Sean Gray | B186: 46119 | C186: 46120 | D186: 69d4ae3effd1d1418abaae42 | E186: V1.1 | F186: 5482 | G186: Complete | H186: 46119 | I186: Harwyn | J186: HWYN2533 Global Village Learning | K186: 01910 - Building Install: Decking Installation | L186: 0.25 | M186: 0.70833333 | N186: 11 | O186: - | P186: 10.5 | Q186: HWYN2533 Global Village Learning | R186: Signed - Sean Gray | S186: 46119 | T186: 0.76268519 | U186: Signed - Dan Guille | V186: 46120 | W186: 0.2458912
A187: Ray Po-Ching | B187: 46119 | C187: 46120 | D187: 69d4977424de8b857915867e | E187: V1.1 | F187: 5480 | G187: Complete | H187: 46119 | I187: Harwyn | J187: HWYN0000 General Factory | K187: 01627 - Building Completion/ Fit off: Clean Modules | L187: 0.29166667 | M187: 0.64861111 | N187: 8.57 | O187: - | P187: 8.07 | Q187: HWYN0000 General Factory | R187: Signed - Ray Po-Ching | S187: 46119 | T187: 0.64982639 | U187: Signed - Dan Guille | V187: 46120 | W187: 0.24577546
A188: Lyric Kereopa | B188: 46119 | C188: 46119 | D188: 69d46430179003ab3831edfc | E188: V1.1 | F188: 5477 | G188: Complete | H188: 46119 | I188: Harwyn | J188: HWYN2535 Westbourne Grammar | K188: 00509 - Framing: Sarking Install | L188: 0.25 | M188: 0.48958333 | N188: 5.75 | O188: - | P188: 5.25 | Q188: HWYN2535 Westbourne Grammar | R188: Signed - Lyric Kereopa | S188: 46119 | T188: 0.49894676 | U188: Signed - Dan Guille | V188: 46119 | W188: 0.51861111
...

Sheet BL
A1: {=_xlfn._xlws.FILTER('Paste DP'!F:F,'Paste DP'!F:F<>"")} -> Form Number | B1: AccountingSystemCode | C1: Companyname | D1: TimeCostDate | E1: JobNumber | F1: Trade | G1: CostCode | H1: ReferenceCode | I1: Description | J1: Hours | K1: Rate | L1: TaxCode | M1: total
A2: 5863 | B2: {=_xlfn.XLOOKUP(_xlfn._xlws.FILTER(C2:C10000,C2:C10000<>""),Ref!A:A,Ref!B:B)} -> HAR00344 | C2: {=_xlfn._xlws.FILTER('Paste DP'!A2:A10000&"",'Paste DP'!F2:F10000=A2:A10000<>"","")} -> Sean Gray | D2: {=IF(_xlfn._xlws.FILTER('Paste DP'!H2:H10000,'Paste DP'!F2:F10000=A2:A10000<>"","")="","",_xlfn._xlws.FILTER('Paste DP'!H2:H10000,'Paste DP'!F2:F10000=A2:A10000<>"",""))} -> 46191 | E2: {=MID(_xlfn._xlws.FILTER('Paste DP'!J2:J10000&"",'Paste DP'!F2:F10000=A2:A10000<>"",""),5,4)} -> 2608 | F2: {=_xlfn.XLOOKUP(_xlfn._xlws.FILTER(I2:I10000,I2:I10000<>""),Ref!G:G,Ref!H:H)} -> 4 | G2: {=_xlfn.XLOOKUP(_xlfn._xlws.FILTER(I2:I10000,I2:I10000<>""),Ref!G:G,Ref!I:I)} -> LA | H2: {=_xlfn.XLOOKUP(_xlfn._xlws.FILTER(I2:I10000,I2:I10000<>""),Ref!G:G,Ref!F:F)} -> 00408 | I2: {=_xlfn.IFNA(_xlfn.TEXTAFTER(_xlfn._xlws.FILTER('Paste DP'!K2:K10000&"",'Paste DP'!F2:F10000=A2:A10000<>"",""),"- "),_xlfn._xlws.FILTER('Paste DP'!K2:K10000&"",'Paste DP'!F2:F10000=A2:A10000<>"",""))} -> Structural Steel: Level bases and straighten structural steel | J2: {=_xlfn._xlws.FILTER('Paste DP'!P2:P10000&"",'Paste DP'!F2:F10000=A2:A10000<>"","")} -> 8.03 | K2: {=IF(WEEKDAY(_xlfn._xlws.FILTER(D2:D10000, D2:D10000<>""), 2) > 5, _xlfn.XLOOKUP(_xlfn._xlws.FILTER(C2:C10000, C2:C10000<>""), Ref!A:A, Ref!D:D), _xlfn.XLOOKUP(_xlfn._xlws.FILTER(C2:C10000, C2:C10000<>""), Ref!A:A, Ref!C:C))} -> 58.25 | L2: {=_xlfn.XLOOKUP(_xlfn._xlws.FILTER(C2:C10000,C2:C10000<>""),Ref!A:A,Ref!E:E)} -> N-T | M2: {=_xlfn._xlws.FILTER(IFERROR(J2:J10000*K2:K10000,"CHECK"),C2:C10000<>"")} -> 467.7475
A3: 5862 | B3: HAR00343 | C3: Martin Fischer | D3: 46191 | E3: 2608 | F3: 4 | G3: LA | H3: 00408 | I3: Structural Steel: Level bases and straighten structural steel | J3: 7.72 | K3: 58.25 | L3: N-T | M3: 449.69
A4: 5857 | B4: HAR00126 | C4: Lyric Kereopa | D4: 46190 | E4: 2608 | F4: 8 | G4: LA | H4: 00824 | I4: Internal Linings/ Finishes: Install Cement Sheet | J4: 8 | K4: 53.2 | L4: N-T | M4: 425.6
A5: 5859 | B5: HAR00343 | C5: Martin Fischer | D5: 46190 | E5: 2608 | F5: 5 | G5: LA | H5: 00503 | I5: Framing: Frame Installation | J5: 8.08 | K5: 58.25 | L5: N-T | M5: 470.66
A6: 5861 | B6: HAR00344 | C6: Sean Gray | D6: 46190 | E6: 2608 | F6: 4 | G6: LA | H6: 00408 | I6: Structural Steel: Level bases and straighten structural steel | J6: 8.07 | K6: 58.25 | L6: N-T | M6: 470.0775
A7: 5853 | B7: HAR00343 | C7: Martin Fischer | D7: 46189 | E7: 2608 | F7: 6 | G7: LA | H7: 00606 | I7: Floor Structure: Install Structflor | J7: 8 | K7: 58.25 | L7: N-T | M7: 466
A8: 5853 | B8: HAR00343 | C8: Martin Fischer | D8: 46189 | E8: 2608 | F8: 5 | G8: LA | H8: 00503 | I8: Framing: Frame Installation | K8: 58.25 | L8: N-T | M8: CHECK
A9: 5852 | B9: HAR00344 | C9: Sean Gray | D9: 46189 | E9: Abse | F9: 0 | G9: 0 | H9: 0 | I9: ABSENT | J9: 7.6 | K9: 58.25 | L9: N-T | M9: 442.7
A10: 5858 | B10: HAR00126 | C10: Lyric Kereopa | D10: 46188 | E10: 2608 | F10: 5 | G10: LA | H10: 00503 | I10: Framing: Frame Installation | J10: 8 | K10: 53.2 | L10: N-T | M10: 425.6
A11: 5851 | B11: HAR00344 | C11: Sean Gray | D11: 46188 | E11: Abse | F11: 0 | G11: 0 | H11: 0 | I11: ABSENT | J11: 7.6 | K11: 58.25 | L11: N-T | M11: 442.7
A12: 5839 | B12: HAR00126 | C12: Lyric Kereopa | D12: 46188 | E12: 2608 | F12: 6 | G12: LA | H12: 00603 | I12: Floor Structure: Install Kingspan (inc. cutting) | J12: 8 | K12: 53.2 | L12: N-T | M12: 425.6
A13: 5841 | B13: HAR00343 | C13: Martin Fischer | D13: 46188 | E13: 2608 | F13: 6 | G13: LA | H13: 00603 | I13: Floor Structure: Install Kingspan (inc. cutting) | J13: 8 | K13: 58.25 | L13: N-T | M13: 466
A14: 5838 | B14: HAR00126 | C14: Lyric Kereopa | D14: 46185 | E14: 2608 | F14: 6 | G14: LA | H14: 00606 | I14: Floor Structure: Install Structflor | J14: 7.5 | K14: 53.2 | L14: N-T | M14: 399
A15: 5832 | B15: HAR00343 | C15: Martin Fischer | D15: 46185 | E15: 2608 | F15: 6 | G15: LA | H15: 00606 | I15: Floor Structure: Install Structflor | J15: 8 | K15: 58.25 | L15: N-T | M15: 466
A16: 5835 | B16: HAR00344 | C16: Sean Gray | D16: 46185 | E16: 2608 | F16: 6 | G16: LA | H16: 00606 | I16: Floor Structure: Install Structflor | J16: 8.15 | K16: 58.25 | L16: N-T | M16: 474.7375
A17: 5826 | B17: HAR00126 | C17: Lyric Kereopa | D17: 46184 | E17: 2608 | F17: 6 | G17: LA | H17: 00606 | I17: Floor Structure: Install Structflor | J17: 8 | K17: 53.2 | L17: N-T | M17: 425.6
A18: 5824 | B18: HAR00343 | C18: Martin Fischer | D18: 46184 | E18: 2608 | F18: 6 | G18: LA | H18: 00606 | I18: Floor Structure: Install Structflor | J18: 7.53 | K18: 58.25 | L18: N-T | M18: 438.6225
A19: 5825 | B19: HAR00344 | C19: Sean Gray | D19: 46184 | E19: 2608 | F19: 6 | G19: LA | H19: 00606 | I19: Floor Structure: Install Structflor | J19: 8.25 | K19: 58.25 | L19: N-T | M19: 480.5625
A20: 5820 | B20: HAR00126 | C20: Lyric Kereopa | D20: 46183 | E20: 2608 | F20: 6 | G20: LA | H20: 00603 | I20: Floor Structure: Install Kingspan (inc. cutting) | J20: 7.5 | K20: 53.2 | L20: N-T | M20: 399
A21: 5823 | B21: HAR00343 | C21: Martin Fischer | D21: 46183 | E21: 2608 | F21: 4 | G21: LA | H21: 00408 | I21: Structural Steel: Level bases and straighten structural steel | J21: 8 | K21: 58.25 | L21: N-T | M21: 466
A22: 5811 | B22: HAR00344 | C22: Sean Gray | D22: 46183 | E22: 2608 | F22: 6 | G22: LA | H22: 00603 | I22: Floor Structure: Install Kingspan (inc. cutting) | J22: 8 | K22: 58.25 | L22: N-T | M22: 466
A23: 5819 | B23: HAR00126 | C23: Lyric Kereopa | D23: 46182 | E23: 2608 | F23: 6 | G23: LA | H23: 00603 | I23: Floor Structure: Install Kingspan (inc. cutting) | J23: 8 | K23: 53.2 | L23: N-T | M23: 425.6
A24: 5810 | B24: HAR00343 | C24: Martin Fischer | D24: 46182 | E24: 2608 | F24: 4 | G24: LA | H24: 00408 | I24: Structural Steel: Level bases and straighten structural steel | J24: 7.6 | K24: 58.25 | L24: N-T | M24: 442.7
A25: 5810 | B25: HAR00343 | C25: Martin Fischer | D25: 46182 | E25: Abse | F25: 0 | G25: 0 | H25: 0 | I25: ABSENT | K25: 58.25 | L25: N-T | M25: CHECK
A26: 5809 | B26: HAR00344 | C26: Sean Gray | D26: 46182 | E26: 2608 | F26: 4 | G26: LA | H26: 00408 | I26: Structural Steel: Level bases and straighten structural steel | J26: 8 | K26: 58.25 | L26: N-T | M26: 466
A27: 5818 | B27: HAR00126 | C27: Lyric Kereopa | D27: 46178 | E27: 2608 | F27: 4 | G27: LA | H27: 00407 | I27: Structural Steel: Paint Base Labour | J27: 8 | K27: 53.2 | L27: N-T | M27: 425.6
A28: 5801 | B28: HAR00344 | C28: Sean Gray | D28: 46178 | E28: 0000 | F28: 4 | G28: LA | H28: 00406 | I28: Structural Steel: Structural Steel external coating paint | J28: 8.2 | K28: 58.25 | L28: N-T | M28: 477.65
A29: 5802 | B29: HAR00343 | C29: Martin Fischer | D29: 46178 | E29: 2608 | F29: 4 | G29: LA | H29: 00407 | I29: Structural Steel: Paint Base Labour | J29: 8 | K29: 58.25 | L29: N-T | M29: 466
A30: 5817 | B30: HAR00126 | C30: Lyric Kereopa | D30: 46177 | E30: 2608 | F30: 17 | G30: LA | H30: 01704 | I30: Prep modules for Transport: Split pods and Transport Prep | J30: 8 | K30: 53.2 | L30: N-T | M30: 425.6
A31: 5800 | B31: HAR00343 | C31: Martin Fischer | D31: 46177 | E31: 2608 | F31: 4 | G31: LA | H31: 00407 | I31: Structural Steel: Paint Base Labour | J31: 8 | K31: 58.25 | L31: N-T | M31: 466
A32: 5798 | B32: HAR00344 | C32: Sean Gray | D32: 46177 | E32: 0000 | F32: 19 | G32: LA | H32: 01906 | I32: Building Install: Onsite Commissioning Works | J32: 8 | K32: 58.25 | L32: N-T | M32: 466
A33: 5797 | B33: HAR00344 | C33: Sean Gray | D33: 46176 | E33: 0000 | F33: 19 | G33: LA | H33: 01906 | I33: Building Install: Onsite Commissioning Works | J33: 7.6 | K33: 58.25 | L33: N-T | M33: 442.7
A34: 5795 | B34: HAR00126 | C34: Lyric Kereopa | D34: 46176 | E34: 0000 | F34: 19 | G34: LA | H34: 01906 | I34: Building Install: Onsite Commissioning Works | J34: 7.6 | K34: 53.2 | L34: N-T | M34: 404.32
A35: 5794 | B35: HAR00343 | C35: Martin Fischer | D35: 46176 | E35: 0000 | F35: 19 | G35: LA | H35: 01907 | I35: Building Install: On-site Clean | J35: 7.6 | K35: 58.25 | L35: N-T | M35: 442.7
A36: 5793 | B36: HAR00343 | C36: Martin Fischer | D36: 46175 | E36: 0000 | F36: 19 | G36: LA | H36: 01907 | I36: Building Install: On-site Clean | J36: 7.5 | K36: 58.25 | L36: N-T | M36: 436.875
A37: 5788 | B37: HAR00344 | C37: Sean Gray | D37: 46175 | E37: 0000 | F37: 19 | G37: LA | H37: 01907 | I37: Building Install: On-site Clean | J37: 7.57 | K37: 58.25 | L37: N-T | M37: 440.9525
... A45: 5764 | B45: HAR00344 | C45: Sean Gray | D45: 46168 | E45: 2535 | F45: 17 | G45: LA | H45: 01704 | I45: Prep modules for Transport: Split pods and Transport Prep | J45: 8 | K45: 58.25 | L45: N-T | M45: 466
A46: 5764 | B46: HAR00344 | C46: Sean Gray | D46: 46168 | E46: 2608 | F46: 13 | G46: LA | H46: 01305 | I46: Insulation: Insulation Installation | K46: 58.25 | L46: N-T | M46: CHECK
A47: 5764 | B47: HAR00344 | C47: Sean Gray | D47: 46168 | E47: 0000 | F47: 8 | G47: LA | H47: 00845 | I47: Internal Linings/ Finishes: Birch Ply Prep Work (not install) | K47: 58.25 | L47: N-T | M47: CHECK
A48: 5763 | B48: HAR00343 | C48: Martin Fischer | D48: 46168 | E48: 2535 | F48: 17 | G48: LA | H48: 01704 | I48: Prep modules for Transport: Split pods and Transport Prep | J48: 8 | K48: 58.25 | L48: N-T | M48: 466
A49: 5763 | B49: HAR00343 | C49: Martin Fischer | D49: 46168 | E49: 2608 | F49: 13 | G49: LA | H49: 01305 | I49: Insulation: Insulation Installation | K49: 58.25 | L49: N-T | M49: CHECK
A50: 5763 | B50: HAR00343 | C50: Martin Fischer | D50: 46168 | E50: 0000 | F50: 8 | G50: LA | H50: 00845 | I50: Internal Linings/ Finishes: Birch Ply Prep Work (not install) | K50: 58.25 | L50: N-T | M50: CHECK
A51: 5774 | B51: HAR00126 | C51: Lyric Kereopa | D51: 46167 | E51: 2608 | F51: 8 | G51: LA | H51: 00822 | I51: Internal Linings/ Finishes: Install Hardboard Ply | J51: 8 | K51: 53.2 | L51: N-T | M51: 425.6
A52: 5756 | B52: HAR00344 | C52: Sean Gray | D52: 46167 | E52: 2608 | F52: 8 | G52: LA | H52: 00822 | I52: Internal Linings/ Finishes: Install Hardboard Ply | J52: 8.02 | K52: 58.25 | L52: N-T | M52: 467.165
A53: 5755 | B53: HAR00343 | C53: Martin Fischer | D53: 46167 | E53: 2608 | F53: 8 | G53: LA | H53: 00822 | I53: Internal Linings/ Finishes: Install Hardboard Ply | J53: 8 | K53: 58.25 | L53: N-T | M53: 466
A54: 5773 | B54: HAR00126 | C54: Lyric Kereopa | D54: 46164 | E54: 2608 | F54: 5 | G54: LA | H54: 00503 | I54: Framing: Frame Installation | J54: 8 | K54: 53.2 | L54: N-T | M54: 425.6
A55: 5753 | B55: HAR00343 | C55: Martin Fischer | D55: 46164 | E55: 2608 | F55: 5 | G55: LA | H55: 00503 | I55: Framing: Frame Installation | J55: 7.6 | K55: 58.25 | L55: N-T | M55: 442.7
A56: 5753 | B56: HAR00343 | C56: Martin Fischer | D56: 46164 | E56: Abse | F56: 0 | G56: 0 | H56: 0 | I56: ABSENT | K56: 58.25 | L56: N-T | M56: CHECK
A57: 5751 | B57: HAR00344 | C57: Sean Gray | D57: 46164 | E57: 2608 | F57: 5 | G57: LA | H57: 00503 | I57: Framing: Frame Installation | J57: 8.06 | K57: 58.25 | L57: N-T | M57: 469.495
A58: 5751 | B58: HAR00344 | C58: Sean Gray | D58: 46164 | E58: 2608 | F58: 6 | G58: LA | H58: 00603 | I58: Floor Structure: Install Kingspan (inc. cutting) | K58: 58.25 | L58: N-T | M58: CHECK
A59: 5751 | B59: HAR00344 | C59: Sean Gray | D59: 46164 | E59: 2608 | F59: 6 | G59: LA | H59: 00606 | I59: Floor Structure: Install Structflor | K59: 58.25 | L59: N-T | M59: CHECK
A60: 5751 | B60: HAR00344 | C60: Sean Gray | D60: 46164 | E60: 2608 | F60: 8 | G60: LA | H60: 00822 | I60: Internal Linings/ Finishes: Install Hardboard Ply | K60: 58.25 | L60: N-T | M60: CHECK
A61: 5772 | B61: HAR00126 | C61: Lyric Kereopa | D61: 46163 | E61: 2608 | F61: 5 | G61: LA | H61: 00503 | I61: Framing: Frame Installation | J61: 8 | K61: 53.2 | L61: N-T | M61: 425.6
A62: 5748 | B62: HAR00344 | C62: Sean Gray | D62: 46163 | E62: 2608 | F62: 5 | G62: LA | H62: 00503 | I62: Framing: Frame Installation | J62: 8.02 | K62: 58.25 | L62: N-T | M62: 467.165
A63: 5747 | B63: HAR00343 | C63: Martin Fischer | D63: 46163 | E63: 2608 | F63: 5 | G63: LA | H63: 00503 | I63: Framing: Frame Installation | J63: 8 | K63: 58.25 | L63: N-T | M63: 466
A64: 5744 | B64: HAR00126 | C64: Lyric Kereopa | D64: 46162 | E64: 2535 | F64: 15 | G64: LA | H64: 01504 | I64: Cladding: Cladding Install | J64: 8 | K64: 53.2 | L64: N-T | M64: 425.6
A65: 5743 | B65: HAR00344 | C65: Sean Gray | D65: 46162 | E65: 2535 | F65: 15 | G65: LA | H65: 01504 | I65: Cladding: Cladding Install | J65: 8 | K65: 58.25 | L65: N-T | M65: 466
A66: 5745 | B66: HAR00343 | C66: Martin Fischer | D66: 46162 | E66: 2535 | F66: 15 | G66: LA | H66: 01504 | I66: Cladding: Cladding Install | J66: 7.5 | K66: 58.25 | L66: N-T | M66: 436.875
A67: 5736 | B67: HAR00344 | C67: Sean Gray | D67: 46161 | E67: 2535 | F67: 15 | G67: LA | H67: 01504 | I67: Cladding: Cladding Install | J67: 8.08 | K67: 58.25 | L67: N-T | M67: 470.66
A68: 5735 | B68: HAR00343 | C68: Martin Fischer | D68: 46161 | E68: 2535 | F68: 15 | G68: LA | H68: 01504 | I68: Cladding: Cladding Install | J68: 7.9 | K68: 58.25 | L68: N-T | M68: 460.175
A69: 5725 | B69: HAR00344 | C69: Sean Gray | D69: 46160 | E69: 2535 | F69: 15 | G69: LA | H69: 01504 | I69: Cladding: Cladding Install | J69: 7.3 | K69: 58.25 | L69: N-T | M69: 425.225
A70: 5724 | B70: HAR00126 | C70: Lyric Kereopa | D70: 46160 | E70: 2535 | F70: 15 | G70: LA | H70: 01504 | I70: Cladding: Cladding Install | J70: 8.5 | K70: 53.2 | L70: N-T | M70: 452.2
A71: 5723 | B71: HAR00343 | C71: Martin Fischer | D71: 46160 | E71: 2535 | F71: 15 | G71: LA | H71: 01504 | I71: Cladding: Cladding Install | J71: 7.75 | K71: 58.25 | L71: N-T | M71: 451.4375
A72: 5719 | B72: HAR00126 | C72: Lyric Kereopa | D72: 46157 | E72: 2533 | F72: 19 | G72: LA | H72: 01906 | I72: Building Install: Onsite Commissioning Works | J72: 8 | K72: 53.2 | L72: N-T | M72: 425.6
... A79: 5715 | B79: HAR00126 | C79: Lyric Kereopa | D79: 46155 | E79: 2533 | F79: 19 | G79: LA | H79: 01906 | I79: Building Install: Onsite Commissioning Works | J79: 10 | K79: 53.2 | L79: N-T | M79: 532
A80: 5706 | B80: HAR00344 | C80: Sean Gray | D80: 46155 | E80: Abse | F80: 0 | G80: 0 | H80: 0 | I80: ABSENT | J80: 7.5 | K80: 58.25 | L80: N-T | M80: 436.875
A81: 5707 | B81: HAR00343 | C81: Martin Fischer | D81: 46155 | E81: 2535 | F81: 15 | G81: LA | H81: 01504 | I81: Cladding: Cladding Install | J81: 7.55 | K81: 58.25 | L81: N-T | M81: 439.7875
A82: 5707 | B82: HAR00343 | C82: Martin Fischer | D82: 46155 | E82: 2535 | F82: 15 | G82: LA | H82: 01509 | I82: Cladding: Install AC Condenser Cover | K82: 58.25 | L82: N-T | M82: CHECK
A83: 5712 | B83: HAR00284 | C83: Ray Po-Ching | D83: 46154 | E83: 2535 | F83: 15 | G83: LA | H83: 01504 | I83: Cladding: Cladding Install | J83: 8 | K83: 46.2 | L83: N-T | M83: 369.6
A84: 5701 | B84: HAR00126 | C84: Lyric Kereopa | D84: 46154 | E84: 2533 | F84: 19 | G84: LA | H84: 01906 | I84: Building Install: Onsite Commissioning Works | J84: 8 | K84: 53.2 | L84: N-T | M84: 425.6
A85: 5695 | B85: HAR00344 | C85: Sean Gray | D85: 46154 | E85: 2533 | F85: 19 | G85: LA | H85: 01910 | I85: Building Install: Decking Installation | J85: 8.12 | K85: 58.25 | L85: N-T | M85: 472.99
A86: 5693 | B86: HAR00343 | C86: Martin Fischer | D86: 46154 | E86: 2535 | F86: 15 | G86: LA | H86: 01504 | I86: Cladding: Cladding Install | J86: 8 | K86: 58.25 | L86: N-T | M86: 466
A87: 5700 | B87: HAR00126 | C87: Lyric Kereopa | D87: 46153 | E87: 2533 | F87: 19 | G87: LA | H87: 01906 | I87: Building Install: Onsite Commissioning Works | J87: 9 | K87: 53.2 | L87: N-T | M87: 478.8
A88: 5690 | B88: HAR00344 | C88: Sean Gray | D88: 46153 | E88: 2533 | F88: 19 | G88: LA | H88: 01910 | I88: Building Install: Decking Installation | J88: 10.32 | K88: 58.25 | L88: N-T | M88: 601.14
A89: 5688 | B89: HAR00284 | C89: Ray Po-Ching | D89: 46153 | E89: 2533 | F89: 15 | G89: LA | H89: 01504 | I89: Cladding: Cladding Install | J89: 8 | K89: 46.2 | L89: N-T | M89: 369.6
A90: 5687 | B90: HAR00343 | C90: Martin Fischer | D90: 46153 | E90: 2535 | F90: 15 | G90: LA | H90: 01504 | I90: Cladding: Cladding Install | J90: 8 | K90: 58.25 | L90: N-T | M90: 466
A91: 5692 | B91: HAR00126 | C91: Lyric Kereopa | D91: 46150 | E91: 2533 | F91: 19 | G91: LA | H91: 01906 | I91: Building Install: Onsite Commissioning Works | J91: 7.5 | K91: 53.2 | L91: N-T | M91: 399
A92: 5686 | B92: HAR00284 | C92: Ray Po-Ching | D92: 46150 | E92: 2535 | F92: 15 | G92: LA | H92: 01504 | I92: Cladding: Cladding Install | J92: 8.25 | K92: 46.2 | L92: N-T | M92: 381.15
A93: 5683 | B93: HAR00344 | C93: Sean Gray | D93: 46150 | E93: 2533 | F93: 19 | G93: LA | H93: 01910 | I93: Building Install: Decking Installation | J93: 8.87 | K93: 58.25 | L93: N-T | M93: 516.6775
A94: 5682 | B94: HAR00343 | C94: Martin Fischer | D94: 46150 | E94: 2535 | F94: 15 | G94: LA | H94: 01504 | I94: Cladding: Cladding Install | J94: 8 | K94: 58.25 | L94: N-T | M94: 466
... A141: 5573 | B141: HAR00344 | C141: Sean Gray | D141: 46132 | E141: 2533 | F141: 19 | G141: LA | H141: 01910 | I141: Building Install: Decking Installation | J141: 10.5 | K141: 58.25 | L141: N-T | M141: 611.625
A142: 5590 | B142: HAR00343 | C142: Martin Fischer | D142: 46129 | E142: Abse | F142: 0 | G142: 0 | H142: 0 | I142: ABSENT | J142: 7.6 | K142: 58.25 | L142: N-T | M142: 442.7
A143: 5587 | B143: HAR00284 | C143: Ray Po-Ching | D143: 46129 | E143: 2506 | F143: 16 | G143: LA | H143: 01627 | I143: Building Completion/ Fit off: Clean Modules | J143: 7.05 | K143: 46.2 | L143: N-T | M143: 325.71
A144: 5583 | B144: HAR00183 | C144: Matt Cornell | D144: 46129 | E144: 2533 | F144: 19 | G144: LA | H144: 01910 | I144: Building Install: Decking Installation | J144: 8 | K144: 50.4 | L144: N-T | M144: 403.2
A145: 5559 | B145: HAR00344 | C145: Sean Gray | D145: 46129 | E145: 2533 | F145: 19 | G145: LA | H145: 01910 | I145: Building Install: Decking Installation | J145: 8.75 | K145: 58.25 | L145: N-T | M145: 509.6875
A146: 5557 | B146: HAR00126 | C146: Lyric Kereopa | D146: 46129 | E146: 2533 | F146: 19 | G146: LA | H146: 01910 | I146: Building Install: Decking Installation | J146: 8 | K146: 53.2 | L146: N-T | M146: 425.6
A147: 5582 | B147: HAR00183 | C147: Matt Cornell | D147: 46128 | E147: 2533 | F147: 19 | G147: LA | H147: 01910 | I147: Building Install: Decking Installation | J147: 9.5 | K147: 50.4 | L147: N-T | M147: 478.8
A148: 5558 | B148: HAR00344 | C148: Sean Gray | D148: 46128 | E148: 2533 | F148: 19 | G148: LA | H148: 01910 | I148: Building Install: Decking Installation | J148: 10.5 | K148: 58.25 | L148: N-T | M148: 611.625
A149: 5552 | B149: HAR00284 | C149: Ray Po-Ching | D149: 46128 | E149: 2506 | F149: 5 | G149: LA | H149: 00503 | I149: Framing: Frame Installation | J149: 8 | K149: 46.2 | L149: N-T | M149: 369.6
A150: 5551 | B150: HAR00126 | C150: Lyric Kereopa | D150: 46128 | E150: 2533 | F150: 19 | G150: LA | H150: 01910 | I150: Building Install: Decking Installation | J150: 9.5 | K150: 53.2 | L150: N-T | M150: 505.4
A151: 5589 | B151: HAR00343 | C151: Martin Fischer | D151: 46128 | E151: 2506 | F151: 19 | G151: LA | H151: 01906 | I151: Building Install: Onsite Commissioning Works | J151: 5.83 | K151: 58.25 | L151: N-T | M151: 339.5975
A152: 5581 | B152: HAR00183 | C152: Matt Cornell | D152: 46127 | E152: 2533 | F152: 19 | G152: LA | H152: 01910 | I152: Building Install: Decking Installation | J152: 9.5 | K152: 50.4 | L152: N-T | M152: 478.8
A153: 5545 | B153: HAR00126 | C153: Lyric Kereopa | D153: 46127 | E153: 2533 | F153: 19 | G153: LA | H153: 01906 | I153: Building Install: Onsite Commissioning Works | J153: 9.5 | K153: 53.2 | L153: N-T | M153: 505.4
A154: 5544 | B154: HAR00344 | C154: Sean Gray | D154: 46127 | E154: 2533 | F154: 19 | G154: LA | H154: 01910 | I154: Building Install: Decking Installation | J154: 10 | K154: 58.25 | L154: N-T | M154: 582.5
... A163: 5536 | B163: HAR00126 | C163: Lyric Kereopa | D163: 46125 | E163: 2533 | F163: 19 | G163: LA | H163: 01914 | I163: Building Install: Concrete Labour | J163: 11 | K163: 53.2 | L163: N-T | M163: 585.2
A164: 5533 | B164: HAR00344 | C164: Sean Gray | D164: 46125 | E164: Abse | F164: 0 | G164: 0 | H164: 0 | I164: ABSENT | J164: 7.1 | K164: 58.25 | L164: N-T | M164: 413.575
A165: 5525 | B165: HAR00284 | C165: Ray Po-Ching | D165: 46125 | E165: 0000 | F165: 15 | G165: LA | H165: 01504 | I165: Cladding: Cladding Install | J165: 8.12 | K165: 46.2 | L165: N-T | M165: 375.144
A166: 5525 | B166: HAR00284 | C166: Ray Po-Ching | D166: 46125 | E166: 2531 | F166: 17 | G166: LA | H166: 01704 | I166: Prep modules for Transport: Split pods and Transport Prep | K166: 46.2 | L166: N-T | M166: CHECK
A167: 5524 | B167: HAR00343 | C167: Martin Fischer | D167: 46125 | E167: 2531 | F167: 17 | G167: LA | H167: 01704 | I167: Prep modules for Transport: Split pods and Transport Prep | J167: 7.5 | K167: 58.25 | L167: N-T | M167: 436.875
...

Sheet Ref
A1: Accounting System Code | F1: Reference Code Column | G1: Reference Description
A2: Name | B2: Code | C2: Rate | D2: OT Rate | E2: Tax Code | F2: 001 | G2: Preliminaries
A3: Lyric Kereopa | B3: HAR00126 | C3: 53.2 | D3: =C3*1.5 -> 79.8 | E3: N-T | F3: 00101 | G3: Preliminaries: Architect | H3: 1 | I3: LA
A4: Matt Cornell | B4: HAR00183 | C4: 50.4 | D4: =C4*1.5 -> 75.6 | E4: N-T | F4: 00102 | G4: Preliminaries: Structural Engineering | H4: 1 | I4: LA
A5: Ray Po-Ching | B5: HAR00284 | C5: 46.2 | D5: =C5*1.5 -> 69.3 | E5: N-T | F5: 00103 | G5: Preliminaries: Miscellaneous Items | H5: 1 | I5: LA
A6: Martin Fischer | B6: HAR00343 | C6: 58.25 | D6: =C6*1.5 -> 87.375 | E6: N-T | F6: 00104 | G6: Preliminaries: Consumables (drill bits, blades, discs) | H6: 1 | I6: LA
A7: Sean Gray | B7: HAR00344 | C7: 58.25 | D7: =C7*1.5 -> 87.375 | E7: N-T | F7: 00105 | G7: Preliminaries: Fixings & Packers (glue, screws etc.) | H7: 1 | I7: LA
A8: Heng kem Lay | B8: HAR00220 | C8: 33.6 | D8: =C8*1.5 -> 50.4 | E8: N-T | F8: 00106 | G8: Preliminaries: Miscellaneous Labour | H8: 1 | I8: LA
A9: Steve Dcosta | B9: HAR00285 | C9: 50.4 | D9: =C9*1.5 -> 75.6 | E9: N-T | F9: 00107 | G9: Preliminaries: Material Pickup/Delivery | H9: 1 | I9: LA
A10: robert kardum | B10: HAR00185 | C10: 56 | D10: =C10*1.5 -> 84 | E10: N-T | F10: 00108 | G10: Preliminaries: Misc. Timber Supply | H10: 1 | I10: LA
F11: 00109 | G11: Preliminaries: Packers | H11: 1 | I11: LA
F12: 00110 | G12: Preliminaries: Light Towers | H12: 1 | I12: LA
F13: 00111 | G13: Preliminaries: Skip bin | H13: 1 | I13: LA
F14: 00112 | G14: Preliminaries: Generator | H14: 1 | I14: LA
F15: 00113 | G15: Prelimonaries: Scaffold Hire onsite | H15: 1 | I15: LA
F16: 00114 | G16: Preliminaries: Equipment Hire onsite | H16: 1 | I16: LA
F17: 00115 | G17: Preliminaries: site safety (fence) | H17: 1 | I17: LA
F18: 00116 | G18: Preliminaries: onsite toilet + servicing | H18: 1 | I18: LA
F19: 00117 | G19: Preliminaries: Project Management Fees | H19: 1 | I19: LA
F20: 00118 | G20: Preliminaries: Render | H20: 1 | I20: LA
F21: 002 | G21: Site Investigation | H21: Set | I21: LA
F22: 00201 | G22: Site Investigation: Feature and Levels Survey | H22: 2 | I22: LA
F23: 00202 | G23: Site Investigation: Underground Services Check | H23: 2 | I23: LA
F24: 00203 | G24: Site Investigation: Soil Report | H24: 2 | I24: LA
F25: 00204 | G25: Site Investigation: Exposing services | H25: 2 | I25: LA
F26: 00205 | G26: Site Investigation: Dilapidation Report | H26: 2 | I26: LA
F27: 003 | G27: Building Permit | H27: Set | I27: LA
F28: 00301 | G28: Building Permit: Building Surveyor Fees | H28: 3 | I28: LA
F29: 00302 | G29: Building Permit: Energy Report | H29: 3 | I29: LA
F30: 00303 | G30: Building Permit: BAL Report | H30: 3 | I30: LA
F31: 00304 | G31: Building Permit: Lodging Fees | H31: 3 | I31: LA
F32: 00305 | G32: Building Permit: Civil Engineer | H32: 3 | I32: LA
F33: 00306 | G33: Building Permit: Mechanical Engineer | H33: 3 | I33: LA
F34: 00307 | G34: Building Permit: Fire Engineer | H34: 3 | I34: LA
F35: 00308 | G35: Building Permit: Hydraulic Engineer | H35: 3 | I35: LA
F36: 00309 | G36: Building Permit: DDA consultant | H36: 3 | I36: LA
F37: 00310 | G37: Building Permit: Lighting Consultant | H37: 3 | I37: LA
F38: 00311 | G38: Building Permit: Electrical Engineer | H38: 3 | I38: LA
F39: 00312 | G39: Building Permit: Facade Performance Solution | H39: 3 | I39: LA
F40: 004 | G40: Structural Steel | H40: Set | I40: LA
F41: 00401 | G41: Structural Steel Delivery | H41: 4 | I41: LA
F42: 00402 | G42: Structural Steel: Factory Set out | H42: 4 | I42: LA
F43: 00403 | G43: Structural Steel: Structural Steel Mods Supply | H43: 4 | I43: LA
F44: 00404 | G44: Structural Steel: Structural Steel Sand Blasting | H44: 4 | I44: LA
F45: 00405 | G45: Structural Steel: Supply normal Base Paint | H45: 4 | I45: LA
F46: 00406 | G46: Structural Steel: Structural Steel external coating paint | H46: 4 | I46: LA
F47: 00407 | G47: Structural Steel: Paint Base Labour | H47: 4 | I47: LA
F48: 00408 | G48: Structural Steel: Level bases and straighten structural steel | H48: 4 | I48: LA
F49: 00409 | G49: Structural Steel: Supply AC Brackets | H49: 4 | I49: LA
F50: 00410 | G50: Structural Steel: Install AC brackets | H50: 4 | I50: LA
F51: 00411 | G51: Structural Steel: Test/check lifting Arms/Lifting Points | H51: 4 | I51: LA
F52: 005 | G52: Framing | H52: Set | I52: LA
F53: 00501 | G53: Framing: Frame Delivery and sorting | H53: 5 | I53: LA
F54: 00502 | G54: Framing: Supply LGS Frame | H54: 5 | I54: LA
F55: 00503 | G55: Framing: Frame Installation | H55: 5 | I55: LA
F56: 00504 | G56: Framing: Supply internal and external flashings | H56: 5 | I56: LA
F57: 00505 | G57: Framing: Install external and internal flashings | H57: 5 | I57: LA
F58: 00506 | G58: Framing: Batten ceiling labour | H58: 5 | I58: LA
F59: 00507 | G59: Framing: Supply ceiling battens | H59: 5 | I59: LA
F60: 00508 | G60: Framing: Supply Sarking and Tape | H60: 5 | I60: LA
F61: 00509 | G61: Framing: Sarking Install | H61: 5 | I61: LA
F62: 00510 | G62: Framing: 50 x 50 angles for roof frame | H62: 5 | I62: LA
F63: 00511 | G63: Framing: Frame Out Box Gutter | H63: 5 | I63: LA
F64: 006 | G64: Floor Structure | H64: Set | I64: LA
F65: 00601 | G65: Floor Structure: Kingspan Delivery receiving | H65: 6 | I65: LA
F66: 00602 | G66: Floor Structure: Supply Kingspan | H66: 6 | I66: LA
F67: 00603 | G67: Floor Structure: Install Kingspan (inc. cutting) | H67: 6 | I67: LA
F68: 00604 | G68: Floor Structure: Kingspan Freight | H68: 6 | I68: LA
F69: 00605 | G69: Floor Structure: Supply Structaflor | H69: 6 | I69: LA
F70: 00606 | G70: Floor Structure: Install Structflor | H70: 6 | I70: LA
F71: 00607 | G71: Floor Structure: Supply 22mm Secura Skyon | H71: 6 | I71: LA
F72: 00608 | G72: Floor Structure: Install Secura Skyon | H72: 6 | I72: LA
F73: 007 | G73: Glazing | H73: Set | I73: LA
F74: 00701 | G74: Glazing: Doors install | H74: 7 | I74: LA
F75: 00702 | G75: Glazing: Windows Install | H75: 7 | I75: LA
F76: 00703 | G76: Glazing: Glazing Subcontract | H76: 7 | I76: LA
F77: 00704 | G77: Glazing: Supply of Sun Louvre | H77: 7 | I77: LA
F78: 00705 | G78: Glazing: Installation of Sun Louvres & Brackets | H78: 7 | I78: LA
F79: 00706 | G79: Glazing: Misc. black angles for reveals | H79: 7 | I79: LA
F80: 00707 | G80: Glazing: Lotus Doors | H80: 7 | I80: LA
F81: 00708 | G81: Glazing: Flyscreens | H81: 7 | I81: LA
F82: 008 | G82: Internal Linings/ Finishes | H82: Set | I82: LA
F83: 00801 | G83: Internal Linings/ Finishes: delivery and sort materials | H83: 8 | I83: LA
F84: 00802 | G84: Internal Linings/ Finishes: Supply Floor Boards | H84: 8 | I84: LA
F85: 00803 | G85: Internal Linings/ Finishes: Install Floorboards | H85: 8 | I85: LA
F86: 00804 | G86: Internal Linings/ Finishes: Floorboard Subcontract | H86: 8 | I86: LA
F87: 00805 | G87: Internal Linings/ Finishes: Supply Vinyl | H87: 8 | I87: LA
F88: 00806 | G88: Internal Linings/ Finishes: Install Vinyl | H88: 8 | I88: LA
F89: 00807 | G89: Internal Linings/ Finishes: Vinyl Floors Subcontract | H89: 8 | I89: LA
F90: 00808 | G90: Internal Linings/ Finishes: Supply Carpet | H90: 8 | I90: LA
F91: 00809 | G91: Internal Linings/ Finishes: Install Carpet | H91: 8 | I91: LA
F92: 00810 | G92: Internal Linings/ Finishes: Carpet Subcontract | H92: 8 | I92: LA
F93: 00811 | G93: Internal Linings/ Finishes: Waterproofing Install | H93: 8 | I93: LA
F94: 00812 | G94: Internal Linings/ Finishes: Waterproofing Supply | H94: 8 | I94: LA
... F132: 00850 | G132: Internal Linings/ Finishes: Painting | H132: 8 | I132: LA
F133: 009 | G133: Autex | H133: Set | I133: LA
F134: 00901 | G134: Autex: Ceiling Panel Supply | H134: 9 | I134: LA
F135: 00902 | G135: Autex: Ceiling Joint Supply | H135: 9 | I135: LA
F136: 00903 | G136: Autex: Edge Tape Supply | H136: 9 | I136: LA
F137: 00904 | G137: Autex: Glue Supply | H137: 9 | I137: LA
...
